product_id,product_name
1,white polyester printed t-shirt
2,red t-shirt
3,white plain t-shirt
4,red silk t-shirt
5,green linen t-shirt
6,white t-shirt
7,gray t-shirt
8,gray oversized t-shirt
9,pink printed t-shirt
10,brown wool slim-fit t-shirt
11,yellow t-shirt
12,white t-shirt
13,brown silk t-shirt
14,purple slim-fit t-shirt
15,gray polyester checkered t-shirt
16,blue leather checkered t-shirt
17,purple t-shirt
18,yellow nylon floral t-shirt
19,green cotton t-shirt
20,black t-shirt
21,brown striped t-shirt
22,gray silk t-shirt
23,red oversized t-shirt
24,pink wool t-shirt
25,white linen checkered t-shirt
26,black checkered t-shirt
27,brown plain t-shirt
28,white checkered polo shirt
29,blue polo shirt
30,pink polo shirt
31,yellow leather polo shirt
32,blue printed polo shirt
33,yellow slim-fit polo shirt
34,blue denim floral polo shirt
35,green oversized polo shirt
36,pink floral polo shirt
37,red printed polo shirt
38,gray cotton plain polo shirt
39,brown polo shirt
40,pink nylon slim-fit polo shirt
41,brown checkered polo shirt
42,black denim checkered polo shirt
43,black polyester checkered polo shirt
44,blue wool slim-fit polo shirt
45,yellow nylon printed polo shirt
46,yellow slim-fit polo shirt
47,white polyester polo shirt
48,purple polo shirt
49,purple checkered polo shirt
50,green leather polo shirt
51,green cotton polo shirt
52,black denim polo shirt
53,red polo shirt
54,gray cotton polo shirt
55,purple cotton checkered dress shirt
56,green wool plain dress shirt
57,black silk plain dress shirt
58,yellow printed dress shirt
59,blue nylon slim-fit dress shirt
60,white linen dress shirt
61,pink linen dress shirt
62,yellow plain dress shirt
63,pink polyester striped dress shirt
64,pink silk printed dress shirt
65,yellow nylon plain dress shirt
66,white denim dress shirt
67,green cotton dress shirt
68,purple printed dress shirt
69,brown striped dress shirt
70,brown dress shirt
71,white striped dress shirt
72,gray leather slim-fit dress shirt
73,green plain dress shirt
74,brown silk dress shirt
75,green printed dress shirt
76,white denim checkered dress shirt
77,gray dress shirt
78,red dress shirt
79,pink polyester dress shirt
80,brown checkered dress shirt
81,red silk floral dress shirt
82,red striped blouse
83,white slim-fit blouse
84,blue printed blouse
85,brown blouse
86,red floral blouse
87,yellow floral blouse
88,gray blouse
89,gray plain blouse
90,pink nylon blouse
91,yellow polyester plain blouse
92,green striped blouse
93,brown floral blouse
94,brown cotton oversized blouse
95,pink striped blouse
96,black silk printed blouse
97,pink silk slim-fit blouse
98,blue cotton floral blouse
99,blue plain blouse
100,red blouse
101,blue leather oversized blouse
102,purple floral blouse
103,purple oversized blouse
104,purple nylon oversized blouse
105,green linen blouse
106,brown silk blouse
107,black blouse
108,black wool striped blouse
109,green sweater
110,pink denim sweater
111,red sweater
112,blue wool checkered sweater
113,brown sweater
114,brown wool plain sweater
115,blue printed sweater
116,gray polyester sweater
117,pink denim oversized sweater
118,brown sweater
119,yellow sweater
120,black polyester oversized sweater
121,blue linen sweater
122,gray silk sweater
123,pink linen sweater
124,green sweater
125,red sweater
126,blue striped sweater
127,green sweater
128,white linen sweater
129,yellow nylon sweater
130,purple sweater
131,black slim-fit sweater
132,red sweater
133,red linen sweater
134,yellow polyester oversized sweater
135,blue checkered sweater
136,gray oversized hoodie
137,green cotton hoodie
138,gray nylon printed hoodie
139,pink hoodie
140,pink slim-fit hoodie
141,gray polyester printed hoodie
142,pink nylon hoodie
143,brown polyester hoodie
144,purple wool hoodie
145,white striped hoodie
146,red printed hoodie
147,gray nylon striped hoodie
148,yellow polyester checkered hoodie
149,pink hoodie
150,red leather hoodie
151,gray hoodie
152,gray checkered hoodie
153,blue leather oversized hoodie
154,yellow hoodie
155,yellow checkered hoodie
156,blue linen hoodie
157,blue wool oversized hoodie
158,brown nylon hoodie
159,pink cotton hoodie
160,purple denim printed hoodie
161,white hoodie
162,purple silk hoodie
163,purple oversized jacket
164,pink oversized jacket
165,blue striped jacket
166,green jacket
167,yellow silk floral jacket
168,blue denim jacket
169,green polyester printed jacket
170,black jacket
171,brown oversized jacket
172,gray polyester plain jacket
173,brown leather checkered jacket
174,red printed jacket
175,purple wool oversized jacket
176,green jacket
177,black denim jacket
178,white jacket
179,black linen jacket
180,gray striped jacket
181,brown nylon striped jacket
182,gray silk checkered jacket
183,blue slim-fit jacket
184,purple linen jacket
185,gray slim-fit jacket
186,purple printed jacket
187,brown silk striped jacket
188,red nylon jacket
189,brown denim slim-fit jacket
190,pink silk striped coat
191,purple leather coat
192,gray denim coat
193,blue denim striped coat
194,white linen checkered coat
195,red cotton plain coat
196,yellow printed coat
197,yellow wool printed coat
198,yellow floral coat
199,red leather coat
200,blue slim-fit coat
201,blue coat
202,yellow silk plain coat
203,purple silk slim-fit coat
204,pink coat
205,gray coat
206,yellow linen coat
207,black wool printed coat
208,blue oversized coat
209,white coat
210,blue printed coat
211,white linen slim-fit coat
212,white cotton coat
213,black leather coat
214,red floral coat
215,black coat
216,purple striped coat
217,brown leather tank top
218,gray linen slim-fit tank top
219,red nylon tank top
220,yellow wool tank top
221,purple silk tank top
222,red tank top
223,green nylon tank top
224,red tank top
225,green printed tank top
226,purple checkered tank top
227,gray nylon tank top
228,green silk tank top
229,red silk tank top
230,green oversized tank top
231,blue polyester tank top
232,yellow tank top
233,brown polyester floral tank top
234,green plain tank top
235,pink silk tank top
236,gray nylon plain tank top
237,green tank top
238,gray wool striped tank top
239,pink wool striped tank top
240,pink leather tank top
241,purple tank top
242,blue checkered tank top
243,blue plain tank top
244,purple polyester t-shirt
245,pink polo shirt
246,green polyester dress shirt
247,black linen floral blouse
248,black sweater
249,yellow hoodie
250,red jacket
251,purple nylon jeans
252,gray jeans
253,green silk oversized jeans
254,gray denim jeans
255,blue cotton slim-fit jeans
256,green floral jeans
257,red silk jeans
258,green jeans
259,brown jeans
260,yellow jeans
261,black slim-fit jeans
262,black jeans
263,black cotton jeans
264,green jeans
265,red jeans
266,brown jeans
267,pink nylon plain jeans
268,white jeans
269,yellow checkered jeans
270,yellow nylon jeans
271,yellow wool floral jeans
272,black floral jeans
273,green jeans
274,yellow slim-fit jeans
275,yellow jeans
276,white wool jeans
277,green linen floral jeans
278,green jeans
279,pink denim jeans
280,yellow denim slim-fit jeans
281,yellow wool slim-fit jeans
282,white checkered jeans
283,red leather jeans
284,red leather printed jeans
285,brown nylon jeans
286,black printed jeans
287,black silk jeans
288,yellow leather checkered jeans
289,black leather jeans
290,black jeans
291,black slim-fit jeans
292,red polyester checkered jeans
293,black nylon oversized jeans
294,brown checkered jeans
295,yellow jeans
296,white polyester floral jeans
297,pink jeans
298,white jeans
299,red wool jeans
300,white checkered jeans
301,black linen trousers
302,red nylon trousers
303,blue printed trousers
304,black floral trousers
305,purple polyester oversized trousers
306,blue trousers
307,green denim trousers
308,green trousers
309,purple slim-fit trousers
310,red wool printed trousers
311,white plain trousers
312,yellow cotton trousers
313,green checkered trousers
314,red printed trousers
315,brown striped trousers
316,yellow denim trousers
317,purple trousers
318,black trousers
319,red leather trousers
320,gray denim trousers
321,gray leather trousers
322,green wool floral trousers
323,black trousers
324,green linen trousers
325,black floral trousers
326,brown leather floral trousers
327,brown trousers
328,gray floral trousers
329,brown trousers
330,yellow nylon trousers
331,gray wool trousers
332,brown trousers
333,white leather striped trousers
334,brown cotton trousers
335,gray floral trousers
336,red wool trousers
337,black trousers
338,white polyester printed trousers
339,pink trousers
340,brown leather trousers
341,red trousers
342,green polyester slim-fit trousers
343,blue wool trousers
344,purple trousers
345,pink leather slim-fit trousers
346,yellow checkered trousers
347,red silk trousers
348,yellow silk oversized trousers
349,black trousers
350,yellow leather trousers
351,pink plain shorts
352,white striped shorts
353,yellow linen shorts
354,black striped shorts
355,brown checkered shorts
356,red shorts
357,white shorts
358,purple shorts
359,black cotton printed shorts
360,white shorts
361,gray denim striped shorts
362,purple nylon plain shorts
363,yellow polyester shorts
364,yellow linen shorts
365,red silk shorts
366,white shorts
367,red wool checkered shorts
368,yellow leather oversized shorts
369,white floral shorts
370,yellow shorts
371,gray oversized shorts
372,red oversized shorts
373,pink checkered shorts
374,gray nylon shorts
375,blue polyester plain shorts
376,gray nylon shorts
377,blue wool shorts
378,green striped shorts
379,yellow linen shorts
380,green nylon shorts
381,red shorts
382,pink nylon shorts
383,pink silk slim-fit shorts
384,blue shorts
385,green silk shorts
386,green shorts
387,purple denim shorts
388,red shorts
389,purple cotton shorts
390,green polyester striped shorts
391,blue oversized shorts
392,pink wool checkered shorts
393,green cotton shorts
394,brown silk plain shorts
395,white silk plain shorts
396,blue checkered shorts
397,black leather shorts
398,red floral shorts
399,white shorts
400,yellow polyester checkered shorts
401,black checkered skirt
402,black striped skirt
403,red polyester printed skirt
404,green polyester skirt
405,yellow polyester striped skirt
406,pink floral skirt
407,black skirt
408,purple denim striped skirt
409,green floral skirt
410,red linen skirt
411,pink skirt
412,yellow skirt
413,pink floral skirt
414,blue skirt
415,blue skirt
416,gray silk plain skirt
417,white silk skirt
418,purple oversized skirt
419,green skirt
420,green printed skirt
421,brown slim-fit skirt
422,blue silk checkered skirt
423,blue skirt
424,purple striped skirt
425,green cotton skirt
426,blue wool skirt
427,yellow nylon checkered skirt
428,gray cotton skirt
429,black polyester striped skirt
430,green skirt
431,black nylon slim-fit skirt
432,pink slim-fit skirt
433,blue wool skirt
434,blue polyester slim-fit skirt
435,yellow skirt
436,pink linen skirt
437,pink wool striped skirt
438,red oversized skirt
439,gray skirt
440,green plain skirt
441,pink cotton plain skirt
442,white denim oversized skirt
443,red skirt
444,black wool printed skirt
445,pink linen printed skirt
446,black wool checkered skirt
447,black leather skirt
448,white skirt
449,blue denim striped skirt
450,purple silk printed skirt
451,red plain leggings
452,blue cotton leggings
453,green nylon leggings
454,yellow wool slim-fit leggings
455,gray cotton oversized leggings
456,white leather leggings
457,brown cotton floral leggings
458,white polyester oversized leggings
459,yellow leggings
460,brown polyester leggings
461,gray slim-fit leggings
462,pink denim slim-fit leggings
463,pink oversized leggings
464,pink denim striped leggings
465,gray leather slim-fit leggings
466,blue silk leggings
467,black wool leggings
468,blue linen checkered leggings
469,gray plain leggings
470,white wool slim-fit leggings
471,white silk slim-fit leggings
472,purple linen floral leggings
473,brown oversized leggings
474,gray silk leggings
475,gray leggings
476,gray leggings
477,black slim-fit leggings
478,pink linen plain leggings
479,green checkered leggings
480,pink nylon checkered leggings
481,purple oversized leggings
482,red leggings
483,black striped leggings
484,pink cotton leggings
485,red linen plain leggings
486,purple striped leggings
487,pink leggings
488,purple printed leggings
489,black linen oversized leggings
490,yellow oversized leggings
491,gray nylon oversized leggings
492,blue polyester striped leggings
493,red linen slim-fit leggings
494,brown slim-fit leggings
495,green leggings
496,blue leggings
497,white cotton leggings
498,blue cotton leggings
499,yellow slim-fit leggings
500,green wool slim-fit leggings
501,pink sneakers
502,red sneakers
503,gray polyester floral sneakers
504,blue oversized sneakers
505,white cotton checkered sneakers
506,pink polyester sneakers
507,brown leather sneakers
508,white cotton sneakers
509,yellow wool sneakers
510,red sneakers
511,black silk checkered sneakers
512,pink nylon sneakers
513,black slim-fit sneakers
514,blue leather striped sneakers
515,pink silk sneakers
516,black slim-fit sneakers
517,brown cotton printed sneakers
518,gray slim-fit sneakers
519,blue oversized sneakers
520,blue nylon checkered sneakers
521,blue striped sneakers
522,blue nylon floral sneakers
523,gray sneakers
524,gray silk striped sneakers
525,yellow silk sneakers
526,black slim-fit sneakers
527,yellow checkered sneakers
528,green denim oversized sneakers
529,yellow sneakers
530,gray linen floral sneakers
531,black sneakers
532,brown nylon sneakers
533,brown nylon sneakers
534,yellow polyester oversized sneakers
535,purple checkered sneakers
536,pink silk plain sneakers
537,black oversized sneakers
538,gray wool slim-fit sneakers
539,purple cotton oversized sneakers
540,black oversized sneakers
541,pink denim sneakers
542,green plain boots
543,purple boots
544,black wool boots
545,green floral boots
546,blue denim printed boots
547,purple silk printed boots
548,pink linen checkered boots
549,gray leather slim-fit boots
550,green leather boots
551,blue boots
552,pink boots
553,white nylon boots
554,brown silk plain boots
555,gray wool oversized boots
556,black oversized boots
557,pink boots
558,pink denim plain boots
559,white boots
560,gray linen slim-fit boots
561,brown nylon plain boots
562,yellow leather boots
563,purple boots
564,yellow wool boots
565,white denim boots
566,white boots
567,gray leather boots
568,green leather boots
569,yellow boots
570,gray boots
571,black wool boots
572,yellow checkered boots
573,yellow nylon boots
574,blue silk checkered boots
575,brown boots
576,red denim boots
577,red linen boots
578,black boots
579,brown checkered boots
580,red polyester boots
581,pink denim boots
582,gray polyester floral boots
583,green cotton oversized sandals
584,pink linen sandals
585,white nylon checkered sandals
586,pink floral sandals
587,white nylon sandals
588,yellow slim-fit sandals
589,pink oversized sandals
590,yellow leather plain sandals
591,brown wool sandals
592,blue printed sandals
593,yellow striped sandals
594,white silk striped sandals
595,red polyester sandals
596,brown printed sandals
597,black denim sandals
598,blue wool sandals
599,green silk plain sandals
600,brown sandals
601,green printed sandals
602,pink linen sandals
603,yellow sandals
604,yellow striped sandals
605,white plain sandals
606,black cotton checkered sandals
607,gray oversized sandals
608,brown polyester checkered sandals
609,red slim-fit sandals
610,gray silk slim-fit sandals
611,yellow sandals
612,white sandals
613,green linen sandals
614,gray cotton sandals
615,white slim-fit sandals
616,red sandals
617,yellow silk striped sandals
618,yellow sandals
619,pink linen striped sandals
620,red wool slim-fit sandals
621,purple nylon sandals
622,yellow nylon oversized sandals
623,yellow sandals
624,gray silk floral loafers
625,purple denim printed loafers
626,red loafers
627,purple nylon striped loafers
628,purple linen loafers
629,yellow loafers
630,purple denim loafers
631,black slim-fit loafers
632,red denim loafers
633,white plain loafers
634,purple denim loafers
635,green silk striped loafers
636,pink polyester checkered loafers
637,black slim-fit loafers
638,pink leather printed loafers
639,white slim-fit loafers
640,red cotton striped loafers
641,yellow nylon loafers
642,white loafers
643,pink loafers
644,red loafers
645,red loafers
646,brown striped loafers
647,pink linen loafers
648,red denim loafers
649,black slim-fit loafers
650,blue nylon loafers
651,yellow loafers
652,green denim loafers
653,purple leather loafers
654,brown leather floral loafers
655,red leather loafers
656,brown denim loafers
657,purple wool slim-fit loafers
658,blue loafers
659,purple nylon printed loafers
660,blue loafers
661,yellow loafers
662,red silk plain loafers
663,yellow silk loafers
664,pink striped loafers
665,green wool heels
666,yellow heels
667,green wool heels
668,red printed heels
669,pink polyester heels
670,green nylon heels
671,red wool heels
672,brown nylon striped heels
673,yellow polyester printed heels
674,gray nylon heels
675,green silk floral heels
676,brown striped heels
677,blue printed heels
678,gray printed heels
679,black heels
680,white cotton heels
681,white heels
682,red silk plain heels
683,blue heels
684,yellow cotton heels
685,brown heels
686,yellow linen heels
687,yellow heels
688,green cotton heels
689,yellow heels
690,yellow polyester heels
691,blue nylon floral heels
692,brown denim heels
693,pink denim striped heels
694,brown wool heels
695,blue heels
696,pink nylon heels
697,white heels
698,green silk heels
699,brown denim oversized heels
700,pink nylon plain heels
701,yellow wool heels
702,black polyester heels
703,black wool heels
704,green leather printed heels
705,purple denim heels
706,pink polyester checkered flats
707,gray cotton striped flats
708,green flats
709,pink flats
710,brown printed flats
711,green nylon flats
712,blue flats
713,yellow silk flats
714,pink denim flats
715,green linen flats
716,black linen flats
717,black cotton printed flats
718,gray flats
719,pink printed flats
720,green oversized flats
721,black flats
722,pink polyester floral flats
723,white linen flats
724,white printed flats
725,brown nylon striped flats
726,white floral flats
727,blue polyester flats
728,gray wool oversized flats
729,black oversized flats
730,red denim flats
731,purple wool printed flats
732,black striped flats
733,gray polyester plain flats
734,gray flats
735,pink linen floral flats
736,green checkered flats
737,pink denim flats
738,gray flats
739,green slim-fit flats
740,blue leather flats
741,yellow cotton floral flats
742,purple printed flats
743,green flats
744,pink leather slim-fit flats
745,red denim oversized flats
746,yellow wool flats
747,blue sneakers
748,gray denim boots
749,gray sandals
750,white nylon loafers
751,green scarf
752,brown cotton scarf
753,blue cotton scarf
754,red linen scarf
755,brown slim-fit scarf
756,purple nylon oversized scarf
757,red wool striped scarf
758,gray cotton scarf
759,purple floral scarf
760,green leather scarf
761,black wool scarf
762,green leather oversized scarf
763,blue polyester plain scarf
764,blue scarf
765,green cotton scarf
766,black floral scarf
767,purple nylon scarf
768,yellow scarf
769,green printed scarf
770,black linen scarf
771,yellow scarf
772,gray nylon scarf
773,white scarf
774,gray scarf
775,blue cotton slim-fit scarf
776,gray oversized scarf
777,brown leather scarf
778,purple silk scarf
779,gray denim checkered scarf
780,blue scarf
781,gray floral scarf
782,gray denim scarf
783,black plain scarf
784,brown polyester scarf
785,yellow printed scarf
786,blue linen scarf
787,yellow polyester scarf
788,gray silk scarf
789,yellow scarf
790,green silk scarf
791,black leather scarf
792,purple plain scarf
793,blue striped scarf
794,brown oversized scarf
795,yellow scarf
796,red slim-fit scarf
797,yellow nylon scarf
798,green slim-fit scarf
799,black silk scarf
800,green wool scarf
801,brown nylon hat
802,brown nylon checkered hat
803,yellow polyester hat
804,pink plain hat
805,yellow nylon hat
806,black nylon hat
807,white wool checkered hat
808,gray hat
809,purple silk hat
810,brown hat
811,red striped hat
812,pink hat
813,white denim striped hat
814,yellow hat
815,blue oversized hat
816,white checkered hat
817,red denim hat
818,yellow hat
819,white denim hat
820,green silk checkered hat
821,green nylon oversized hat
822,yellow leather striped hat
823,gray wool oversized hat
824,red hat
825,white leather floral hat
826,black denim plain hat
827,black hat
828,red hat
829,blue hat
830,green leather hat
831,yellow wool hat
832,white denim hat
833,yellow printed hat
834,yellow silk hat
835,gray wool printed hat
836,brown cotton checkered hat
837,pink hat
838,pink plain hat
839,pink hat
840,purple cotton oversized hat
841,gray leather hat
842,pink polyester printed hat
843,red silk oversized hat
844,brown silk hat
845,purple denim floral hat
846,pink floral hat
847,white floral hat
848,purple wool hat
849,white hat
850,yellow striped hat
851,brown oversized belt
852,black belt
853,red oversized belt
854,black wool belt
855,green printed belt
856,white plain belt
857,yellow silk belt
858,blue belt
859,white wool belt
860,purple cotton oversized belt
861,white belt
862,green leather belt
863,pink polyester belt
864,purple silk slim-fit belt
865,red belt
866,pink nylon belt
867,brown silk printed belt
868,red leather striped belt
869,blue belt
870,brown striped belt
871,blue belt
872,brown leather plain belt
873,yellow linen slim-fit belt
874,purple checkered belt
875,pink cotton belt
876,blue polyester belt
877,blue cotton checkered belt
878,pink striped belt
879,blue linen belt
880,white leather printed belt
881,blue belt
882,white silk belt
883,green wool oversized belt
884,purple belt
885,white printed belt
886,gray belt
887,yellow wool checkered belt
888,brown polyester plain belt
889,pink belt
890,brown wool plain belt
891,green wool belt
892,black wool checkered belt
893,red wool plain belt
894,black oversized belt
895,blue wool belt
896,green leather oversized belt
897,yellow belt
898,gray silk belt
899,blue plain belt
900,pink nylon belt
901,pink gloves
902,black denim slim-fit gloves
903,red cotton slim-fit gloves
904,green plain gloves
905,pink wool striped gloves
906,yellow oversized gloves
907,white leather gloves
908,green silk gloves
909,white gloves
910,green gloves
911,yellow gloves
912,white denim oversized gloves
913,blue wool gloves
914,white wool oversized gloves
915,green wool printed gloves
916,red gloves
917,red wool floral gloves
918,green floral gloves
919,gray gloves
920,pink printed gloves
921,white printed gloves
922,brown leather checkered gloves
923,white denim printed gloves
924,brown checkered gloves
925,purple gloves
926,white wool floral gloves
927,green plain gloves
928,gray cotton checkered gloves
929,purple leather floral gloves
930,red wool gloves
931,purple silk floral gloves
932,white gloves
933,red polyester gloves
934,green gloves
935,white polyester striped gloves
936,purple silk checkered gloves
937,purple gloves
938,blue linen gloves
939,white leather gloves
940,yellow checkered gloves
941,red linen oversized gloves
942,white denim oversized gloves
943,green nylon printed gloves
944,brown leather gloves
945,gray striped gloves
946,green silk plain gloves
947,purple gloves
948,purple oversized gloves
949,brown gloves
950,purple nylon striped gloves
951,yellow linen sunglasses
952,brown denim sunglasses
953,purple nylon floral sunglasses
954,white cotton sunglasses
955,red striped sunglasses
956,pink printed sunglasses
957,yellow sunglasses
958,brown leather sunglasses
959,brown cotton slim-fit sunglasses
960,pink wool checkered sunglasses
961,gray sunglasses
962,blue sunglasses
963,gray sunglasses
964,white checkered sunglasses
965,brown polyester sunglasses
966,yellow oversized sunglasses
967,blue printed sunglasses
968,red linen striped sunglasses
969,green linen oversized sunglasses
970,gray sunglasses
971,black sunglasses
972,green sunglasses
973,pink linen sunglasses
974,black sunglasses
975,blue silk sunglasses
976,blue plain sunglasses
977,black wool sunglasses
978,green cotton sunglasses
979,white sunglasses
980,blue floral sunglasses
981,black silk floral sunglasses
982,white plain sunglasses
983,pink oversized sunglasses
984,yellow leather striped sunglasses
985,purple polyester checkered sunglasses
986,brown polyester floral sunglasses
987,brown oversized sunglasses
988,yellow nylon sunglasses
989,green checkered sunglasses
990,black plain sunglasses
991,gray polyester oversized sunglasses
992,blue silk printed sunglasses
993,pink sunglasses
994,purple cotton sunglasses
995,purple nylon slim-fit sunglasses
996,white polyester sunglasses
997,gray sunglasses
998,red sunglasses
999,yellow polyester checkered sunglasses
1000,green sunglasses
